City_ID,City,Country,Lat,Lng,Max Temp,Humidity,Cloudiness,Wind Speed,Current Description
0,Mataura,NZ,-46.1927,168.8643,44.47,91,84,2.37,broken clouds
1,Busselton,AU,-33.65,115.3333,54.45,56,94,9.01,overcast clouds
2,Yangjiang,CN,21.85,111.9667,80.26,89,98,3.06,overcast clouds
3,Albany,US,42.6001,-73.9662,70.09,89,89,6.73,light rain
4,Avera,US,33.194,-82.5271,94.91,58,56,13.51,broken clouds
5,Akyab,MM,20.15,92.9,79.61,87,100,2.93,overcast clouds
6,Kapaa,US,22.0752,-159.319,84.52,78,90,5.01,light rain
7,Vaini,TO,-21.2,-175.2,73.56,83,75,21.85,light intensity shower rain
8,Punta Arenas,CL,-53.15,-70.9167,42.91,70,40,23.02,scattered clouds
9,Cape Town,ZA,-33.9258,18.4232,57.11,82,66,3.0,broken clouds
10,Sao Joao Da Barra,BR,-21.6403,-41.0511,67.28,64,93,9.01,overcast clouds
11,Beyneu,KZ,45.3167,55.2,87.33,15,3,9.31,clear sky
12,Asau,RO,46.4333,26.4,72.52,86,5,5.59,clear sky
13,Katsuura,JP,35.1333,140.3,84.31,76,4,5.3,clear sky
14,Russell,US,32.3502,-85.1999,92.48,65,40,4.61,scattered clouds
15,Ternate,ID,0.8,127.4,81.64,80,92,7.43,overcast clouds
16,Ushuaia,AR,-54.8,-68.3,46.06,46,40,16.11,scattered clouds
17,Simbahan,PH,6.3032,120.5836,84.06,73,84,11.41,broken clouds
18,Namibe,AO,-15.1961,12.1522,68.94,83,66,1.72,broken clouds
19,Iqaluit,CA,63.7506,-68.5145,52.7,76,90,1.99,light rain
20,Ponta Do Sol,PT,32.6667,-17.1,72.23,68,1,7.54,clear sky
21,Uniontown,US,39.9001,-79.7164,75.54,49,67,1.01,light rain
22,Macenta,GN,8.5435,-9.471,68.02,100,97,2.42,light rain
23,Vila Franca Do Campo,PT,37.7167,-25.4333,73.81,95,89,8.72,overcast clouds
24,Provideniya,RU,64.3833,-173.3,44.71,76,90,20.13,overcast clouds
25,Cidreira,BR,-30.1811,-50.2056,56.86,93,90,8.03,overcast clouds
26,Qaanaaq,GL,77.484,-69.3632,42.37,84,86,1.34,overcast clouds
27,Tuatapere,NZ,-46.1333,167.6833,44.82,91,100,2.59,overcast clouds
28,Acarau,BR,-2.8856,-40.12,78.62,75,85,14.09,overcast clouds
29,Jasper,US,37.2001,-94.3502,83.82,62,20,1.99,haze
30,Los Llanos De Aridane,ES,28.6585,-17.9182,69.12,69,75,20.71,broken clouds
31,Katy,US,29.7858,-95.8244,95.13,64,1,1.99,clear sky
32,Arraial Do Cabo,BR,-22.9661,-42.0278,64.26,77,0,6.91,clear sky
33,Ponnani,IN,10.767,75.9252,74.52,84,70,5.19,broken clouds
34,Alta Floresta,BR,-9.8756,-56.0861,82.11,32,27,5.35,scattered clouds
35,Avarua,CK,-21.2078,-159.775,77.05,88,75,13.8,moderate rain
36,Kozhva,RU,65.1073,57.0459,49.28,97,92,3.13,overcast clouds
37,North Royalton,US,41.3137,-81.7246,71.74,70,90,8.01,light rain
38,Laurinburg,US,34.7741,-79.4628,83.17,88,40,0.0,scattered clouds
39,Hermanus,ZA,-34.4187,19.2345,56.89,80,95,0.54,overcast clouds
40,Caravelas,BR,-17.7125,-39.2481,68.92,66,96,8.81,overcast clouds
41,Saldanha,ZA,-33.0117,17.9442,55.27,86,59,8.37,broken clouds
42,Boffa,GN,10.1667,-14.0333,75.02,93,92,4.52,light rain
43,Nemuro,JP,43.3236,145.575,66.04,99,100,7.25,overcast clouds
44,Jamestown,US,42.097,-79.2353,69.12,71,1,3.0,clear sky
45,Huai Thalaeng,TH,14.997,102.6475,82.78,71,96,12.26,overcast clouds
46,Coihaique,CL,-45.5752,-72.0662,49.95,71,75,4.61,light rain
47,Ancud,CL,-41.8697,-73.8203,47.73,82,58,3.85,broken clouds
48,Cascais,PT,38.6979,-9.4215,70.5,79,40,4.0,scattered clouds
49,Bluff,NZ,-46.6,168.3333,44.8,82,98,6.35,overcast clouds
50,Castro,BR,-24.7911,-50.0119,47.48,88,69,2.57,broken clouds
51,New Norfolk,AU,-42.7826,147.0587,40.91,85,31,2.73,scattered clouds
52,Meulaboh,ID,4.1363,96.1285,74.62,89,100,5.08,overcast clouds
53,Nago,JP,26.5881,127.9761,84.63,88,96,12.5,overcast clouds
54,Vestmannaeyjar,IS,63.4427,-20.2734,53.94,91,92,5.93,overcast clouds
55,Biak,ID,-0.9131,122.8766,76.53,81,26,6.53,scattered clouds
56,Vao,NC,-22.6667,167.4833,66.79,55,50,9.37,scattered clouds
57,Soverato,IT,38.685,16.5499,85.91,51,4,12.21,clear sky
58,Verkh-Chebula,RU,56.0308,87.6218,55.98,92,95,2.26,overcast clouds
59,Puerto Ayora,EC,-0.7393,-90.3518,71.55,91,53,5.01,broken clouds
60,Kahului,US,20.8947,-156.47,87.06,61,20,32.21,few clouds
61,Mar Del Plata,AR,-38.0023,-57.5575,44.13,31,47,1.99,fog
62,Camacha,PT,33.0833,-16.3333,68.76,83,40,13.8,scattered clouds
63,Port Blair,IN,11.6667,92.75,81.75,81,100,18.84,overcast clouds
64,Lebu,CL,-37.6167,-73.65,50.11,77,39,16.55,scattered clouds
65,Atuona,PF,-9.8,-139.0333,77.11,69,31,10.36,scattered clouds
66,Rikitea,PF,-23.1203,-134.9692,69.1,57,42,20.92,scattered clouds
67,Necochea,AR,-38.5473,-58.7368,43.03,76,2,7.96,clear sky
68,Vila,PT,42.0304,-8.1588,55.74,93,100,1.9,overcast clouds
69,Geraldton,AU,-28.7667,114.6,45.01,93,75,8.05,broken clouds
70,Ouadda,CF,8.0777,22.4007,66.11,98,100,3.67,overcast clouds
71,Parga,GR,39.2831,20.3964,78.78,51,0,3.22,clear sky
72,Brownsburg,US,39.8434,-86.3978,76.78,54,20,1.01,few clouds
73,Tazmalt,DZ,36.3868,4.3989,75.94,75,99,4.7,overcast clouds
74,Carnarvon,AU,-24.8667,113.6333,48.27,68,0,9.22,clear sky
75,Khatanga,RU,71.9667,102.5,63.79,68,38,9.4,scattered clouds
76,La Ronge,CA,55.1001,-105.2842,80.82,31,11,3.15,few clouds
77,Butaritari,KI,3.0707,172.7902,83.08,68,9,10.07,clear sky
78,Tiksi,RU,71.6872,128.8694,49.05,68,18,4.61,few clouds
79,Barrow,US,71.2906,-156.7887,50.02,77,90,11.5,overcast clouds
80,Nanortalik,GL,60.1432,-45.2371,48.15,80,100,11.1,overcast clouds
81,Karratha,AU,-20.7377,116.8463,59.11,52,0,11.74,clear sky
82,Gatbo,PH,13.5833,123.3833,79.21,88,100,10.16,moderate rain
83,Faya,SA,18.3851,42.4509,64.92,68,98,3.62,overcast clouds
84,Konevo,RU,62.1215,39.3192,55.2,99,100,5.08,overcast clouds
85,Aswan,EG,24.0934,32.907,91.24,14,4,7.29,clear sky
86,Khandbari,NP,27.3747,87.2039,72.16,96,90,0.74,overcast clouds
87,Rabo De Peixe,PT,37.8,-25.5833,72.91,94,75,11.5,broken clouds
88,Sitka,US,57.0531,-135.33,64.29,68,75,5.75,broken clouds
89,Kodiak,US,57.79,-152.4072,57.54,90,94,6.4,overcast clouds
90,Staryy Nadym,RU,65.6118,72.6842,57.54,89,100,10.58,light rain
91,Lagos,NG,6.5833,3.75,79.12,90,81,3.18,broken clouds
92,Yulara,AU,-25.2406,130.9889,51.64,43,0,10.36,clear sky
93,Rayagada,IN,19.1667,83.4167,77.76,79,96,3.02,overcast clouds
94,Vila Velha,BR,-20.3297,-40.2925,71.96,69,75,6.91,broken clouds
95,Mildura,AU,-34.2,142.15,50.07,87,0,11.5,clear sky
96,Hilo,US,19.7297,-155.09,82.13,69,40,11.5,light rain
97,Najran,SA,17.4924,44.1277,86.65,41,100,10.18,overcast clouds
98,Khromtau,KZ,50.2503,58.4347,72.95,52,24,9.8,few clouds
99,Asosa,ET,10.0667,34.5333,60.19,82,100,3.15,overcast clouds
100,Codrington,AU,-38.2667,141.9667,46.09,81,0,16.78,clear sky
101,Tabuk,PH,17.4189,121.4443,79.65,80,100,1.28,overcast clouds
102,Chuy,UY,-33.6971,-53.4616,49.6,93,25,5.5,scattered clouds
103,San Jeronimo,PE,-11.9472,-75.2829,51.64,62,90,6.22,overcast clouds
104,Port Hedland,AU,-20.3167,118.5667,60.85,41,0,10.36,clear sky
105,Yellowknife,CA,62.456,-114.3525,89.33,29,20,1.01,few clouds
106,Bethel,US,41.3712,-73.414,72.81,87,90,3.44,overcast clouds
107,Zeya,RU,53.75,127.2667,55.35,98,100,2.86,overcast clouds
108,Grants,US,35.1473,-107.8514,77.23,38,1,5.75,clear sky
109,Maridi,SS,4.9158,29.4742,65.48,98,85,5.41,light rain
110,Chokurdakh,RU,70.6333,147.9167,42.28,63,39,8.32,scattered clouds
111,Tessalit,ML,20.1986,1.0114,86.22,42,6,11.23,clear sky
112,Kampot,KH,10.6167,104.1833,77.05,82,100,10.74,overcast clouds
113,Nuuk,GL,64.1835,-51.7216,59.61,58,90,5.75,overcast clouds
114,Itatskiy,RU,56.07,89.0369,57.52,77,55,2.84,broken clouds
115,Pisco,PE,-13.7,-76.2167,63.01,82,0,11.5,clear sky
116,Pimentel,PE,-6.8367,-79.9342,68.29,82,20,3.0,few clouds
117,Iranshahr,IR,27.2025,60.6848,92.43,43,11,4.43,few clouds
118,Tasiilaq,GL,65.6145,-37.6368,51.96,77,50,4.88,scattered clouds
119,Faanui,PF,-16.4833,-151.75,77.63,68,30,14.38,scattered clouds
120,Thompson,CA,55.7435,-97.8558,84.36,32,20,12.66,smoke
121,Saint-Philippe,RE,-21.3585,55.7679,67.55,76,49,7.78,scattered clouds
122,Pitimbu,BR,-7.4706,-34.8086,73.99,78,4,16.8,clear sky
123,Santa Cruz,BO,-17.8,-63.1667,69.26,39,20,6.91,smoke
124,Grindavik,IS,63.8424,-22.4338,53.56,93,90,3.44,overcast clouds
125,Torbay,CA,47.6666,-52.7314,65.57,75,46,3.0,scattered clouds
126,Kabwe,ZM,-14.4469,28.4464,53.67,79,1,4.72,clear sky
127,Ishigaki,JP,24.3448,124.1572,80.73,100,75,3.44,broken clouds
128,Strezhevoy,RU,60.7333,77.5889,55.38,80,100,6.33,overcast clouds
129,Zambezi,ZM,-13.5432,23.1047,56.98,51,2,5.77,clear sky
130,Sao Filipe,CV,14.8961,-24.4956,76.01,76,9,4.5,clear sky
131,Muros,ES,42.7762,-9.0603,66.16,86,100,6.31,overcast clouds
132,Hithadhoo,MV,-0.6,73.0833,81.34,71,92,7.78,overcast clouds
133,Keti Bandar,PK,24.1447,67.4497,81.55,84,97,21.77,overcast clouds
134,Champaign,US,40.1334,-88.2001,78.87,50,1,9.22,clear sky
135,Fortuna,US,40.5982,-124.1573,71.92,69,20,8.01,few clouds
136,Tsumeb,NA,-19.2333,17.7167,42.35,32,0,9.04,clear sky
137,Rio Gallegos,AR,-51.6226,-69.2181,46.45,61,0,13.8,clear sky
138,Cabo San Lucas,MX,22.8909,-109.9124,96.8,66,20,5.01,few clouds
139,Georgetown,MY,5.4112,100.3354,75.88,90,20,0.0,few clouds
140,Bonavista,CA,48.6499,-53.1147,65.12,75,77,19.62,broken clouds
141,Mirnyy,RU,62.5353,113.9611,65.34,54,100,8.16,overcast clouds
142,Arman,RU,59.7,150.1667,56.7,45,2,20.18,clear sky
143,Nyurba,RU,63.2842,118.3319,67.53,55,100,6.6,overcast clouds
144,Gobabis,NA,-22.45,18.9667,49.5,41,0,9.91,clear sky
145,Nichinan,JP,31.6,131.3667,82.08,82,67,3.0,broken clouds
146,Tabou,CI,4.423,-7.3528,76.6,79,90,6.31,overcast clouds
147,Hovd,MN,48.0056,91.6419,54.32,63,4,2.06,clear sky
148,Mehamn,NO,71.0357,27.8492,44.83,93,100,19.42,moderate rain
149,Quatre Cocos,MU,-20.2078,57.7625,68.11,66,53,14.5,broken clouds
150,Bac Lieu,VN,9.285,105.7244,78.78,85,64,10.96,broken clouds
151,Sistranda,NO,63.7256,8.834,50.9,69,100,12.15,light rain
152,Kenai,US,60.5544,-151.2583,74.03,53,1,8.05,clear sky
153,Hirara,JP,24.8,125.2833,79.07,100,75,8.05,moderate rain
154,Bredasdorp,ZA,-34.5322,20.0403,56.52,82,86,2.3,overcast clouds
155,Port Hardy,CA,50.6996,-127.4199,66.38,72,20,13.8,few clouds
156,Saint-Augustin,CA,51.226,-58.6502,59.49,82,89,14.36,overcast clouds
157,Aldan,RU,58.6031,125.3894,53.58,97,100,3.91,moderate rain
158,Talisay,PH,10.2447,123.8494,82.36,78,99,10.38,overcast clouds
159,Haines Junction,CA,60.7522,-137.5108,81.32,27,16,7.18,few clouds
160,San Bartolome De Tirajana,ES,27.9248,-15.5733,62.31,80,40,26.46,scattered clouds
161,Pevek,RU,69.7008,170.3133,33.73,95,100,16.2,overcast clouds
162,Taoudenni,ML,22.6783,-3.9836,99.52,26,89,16.73,overcast clouds
163,Nome,US,64.5011,-165.4064,55.11,94,90,13.8,moderate rain
164,Pandan,PH,14.0453,124.1694,83.25,76,100,13.13,overcast clouds
165,Kamenskiy,RU,50.8855,45.488,74.16,56,33,6.87,scattered clouds
166,Cherskiy,RU,68.75,161.3,39.51,73,96,19.64,overcast clouds
167,Kropotkin,RU,45.4375,40.5756,76.06,42,50,5.99,scattered clouds
168,Saskylakh,RU,71.9167,114.0833,74.61,42,0,3.47,clear sky
169,Cabudare,VE,10.0289,-69.0894,91.65,95,65,7.0,broken clouds
170,Aykhal,RU,66.0,111.5,71.15,37,59,5.41,broken clouds
171,Airai,TL,-8.9266,125.4092,61.36,74,21,3.74,few clouds
172,Cayenne,GF,4.9333,-52.3333,83.08,80,0,1.99,clear sky
173,Gimry,RU,42.7597,46.8396,69.53,76,99,6.33,overcast clouds
174,Te Anau,NZ,-45.4167,167.7167,45.88,89,99,1.61,moderate rain
175,Kawalu,ID,-7.3817,108.2082,70.79,96,90,0.74,overcast clouds
176,Hobart,AU,-42.8794,147.3294,44.11,84,75,1.01,broken clouds
177,Bambous Virieux,MU,-20.3428,57.7575,68.25,88,75,6.91,broken clouds
178,Cravo Norte,CO,6.3017,-70.2041,74.64,90,65,5.66,broken clouds
179,Forbes,AU,-33.3833,148.0167,45.05,82,0,6.38,clear sky
180,Grand Gaube,MU,-20.0064,57.6608,68.4,67,27,20.07,scattered clouds
181,Nikolskoye,RU,59.7035,30.7861,62.02,93,40,4.9,light rain
182,Dingle,PH,10.9995,122.6711,80.51,84,100,10.02,overcast clouds
183,Azare,NG,11.6765,10.1948,73.15,90,96,12.75,moderate rain
184,Iquitos,PE,-3.7481,-73.2472,78.84,78,75,4.61,broken clouds
185,Aklavik,CA,68.2191,-135.0107,78.78,39,99,15.5,overcast clouds
186,Chumikan,RU,54.7183,135.315,55.83,79,100,2.44,overcast clouds
187,Port Alfred,ZA,-33.5906,26.891,61.25,82,46,25.37,scattered clouds
188,Saint-Francois,FR,46.4154,3.9054,56.68,89,0,2.3,clear sky
189,Kaniama,CD,-7.5667,24.1833,67.93,39,71,4.97,broken clouds
190,Jambi,ID,-1.6,103.6167,72.99,97,86,2.95,overcast clouds
191,Ibra,OM,22.6906,58.5334,86.32,51,100,2.44,overcast clouds
192,Mangaluru,IN,12.8667,74.8833,77.86,88,75,0.0,broken clouds
193,Kavaratti,IN,10.5669,72.642,81.97,77,82,15.64,broken clouds
194,Kilis,TR,36.7161,37.115,82.63,51,0,7.09,clear sky
195,Monster,NL,52.0258,4.175,60.98,80,32,1.99,scattered clouds
196,Kautokeino,NO,69.0125,23.0412,35.28,90,45,4.16,scattered clouds
197,San Jose,US,37.3394,-121.895,90.52,51,20,11.5,few clouds
198,Esso,RU,55.9333,158.7,53.65,62,97,1.95,light rain
199,East London,ZA,-33.0153,27.9116,62.44,63,31,19.48,scattered clouds
200,Xiangxiang,CN,27.7333,112.5333,83.05,68,0,1.32,clear sky
201,Aasiaat,GL,68.7098,-52.8699,41.23,84,0,8.43,clear sky
202,Puerto Ayacucho,VE,5.6639,-67.6236,75.47,89,89,3.15,overcast clouds
203,Tezu,IN,27.9167,96.1667,74.98,88,24,3.22,few clouds
204,Lunenburg,CA,44.3835,-64.3155,68.49,76,6,13.8,clear sky
205,San Andres,CO,12.5847,-81.7006,86.02,74,75,16.11,broken clouds
206,Kaihua,CN,23.3687,104.28,64.11,89,32,4.34,scattered clouds
207,Somerset,US,40.5668,-74.5496,75.09,91,90,1.01,light rain
208,Tuktoyaktuk,CA,69.4541,-133.0374,60.8,88,90,11.5,overcast clouds
209,Hofn,IS,64.2539,-15.2082,53.65,95,99,3.27,overcast clouds
210,Tilichiki,RU,60.4667,166.1,51.28,71,100,7.14,overcast clouds
211,Husavik,IS,66.0449,-17.3389,53.51,72,62,1.54,broken clouds
212,Huarmey,PE,-10.0681,-78.1522,66.79,78,13,9.86,few clouds
213,Tamiahua,MX,21.2667,-97.45,86.0,66,8,10.42,clear sky
214,Esperance,AU,-33.8667,121.9,53.35,67,65,21.34,broken clouds
215,Wanning,CN,18.8003,110.3967,80.94,86,100,9.48,overcast clouds
216,Khani,GE,41.9563,42.9566,60.37,95,85,2.13,overcast clouds
217,Naze,JP,28.3667,129.4833,83.32,86,91,13.87,overcast clouds
218,Port Elizabeth,ZA,-33.918,25.5701,61.09,72,20,27.63,few clouds
219,Iralaya,HN,15.0,-83.2333,86.09,81,20,10.13,few clouds
220,Deputatskiy,RU,69.3,139.9,45.86,65,8,5.7,clear sky
221,Mocuba,MZ,-16.8392,36.9856,59.05,86,0,0.92,clear sky
222,Shumskiy,RU,54.8318,99.1328,54.61,98,100,4.03,overcast clouds
223,Cumberland,US,35.0502,-78.8664,88.29,94,75,6.91,broken clouds
224,Buenos Aires,AR,-34.6132,-58.3772,53.02,90,40,9.22,scattered clouds
225,Ajdabiya,LY,30.7554,20.2263,83.03,49,0,7.29,clear sky
226,Saint Anthony,US,45.0205,-93.218,80.92,36,75,10.36,broken clouds
227,Umea,SE,63.8284,20.2597,56.91,76,90,3.44,overcast clouds
228,Gohpur,IN,26.8833,93.6333,76.12,96,36,1.28,scattered clouds
229,Eureka,US,40.8021,-124.1637,72.19,74,56,4.0,broken clouds
230,Luderitz,NA,-26.6481,15.1594,64.96,37,0,6.02,clear sky
231,Souillac,MU,-20.5167,57.5167,68.38,88,75,6.91,broken clouds
232,Teguise,ES,29.0605,-13.564,68.22,73,40,16.11,scattered clouds
233,Matagami,CA,49.7502,-77.6328,60.91,63,20,10.36,few clouds
234,Sao Felix Do Xingu,BR,-6.6447,-51.995,81.32,40,91,1.81,overcast clouds
235,Nouadhibou,MR,20.931,-17.0347,75.18,73,0,13.8,clear sky
236,Olafsvik,IS,64.8945,-23.7142,53.78,92,100,2.39,overcast clouds
237,Kloulklubed,PW,7.0419,134.2556,84.16,76,100,14.32,overcast clouds
238,Bontang,ID,0.1333,117.5,76.77,90,68,6.89,broken clouds
239,Singaraja,ID,-8.112,115.0882,77.67,80,25,5.28,scattered clouds
240,Mersing,MY,2.4312,103.8405,75.11,94,61,5.75,broken clouds
241,Sioux Lookout,CA,50.1001,-91.917,75.58,39,67,8.77,broken clouds
242,Bintulu,MY,3.1667,113.0333,75.61,94,40,3.44,scattered clouds
243,Narsaq,GL,60.9167,-46.05,64.62,77,100,4.72,light rain
244,Tiruchchendur,IN,8.4833,78.1167,81.1,65,100,6.53,overcast clouds
245,Gamba,GA,-2.65,10.0,73.53,84,100,7.43,overcast clouds
246,Save,BJ,8.0425,2.486,74.37,85,94,2.82,overcast clouds
247,Awjilah,LY,29.1081,21.2869,85.71,27,3,10.78,clear sky
248,Vardo,NO,70.3705,31.1107,51.03,97,100,6.26,overcast clouds
249,Komyshnya,UA,50.1859,33.684,71.42,52,24,7.09,few clouds
250,Gao,ML,16.6362,1.637,91.35,42,56,10.4,broken clouds
251,Vanavara,RU,60.34,102.2797,59.18,61,41,4.21,scattered clouds
252,Tres Arroyos,AR,-38.3739,-60.2798,43.54,48,1,8.01,clear sky
253,Buloh Kasap,MY,2.5536,102.764,76.91,91,82,1.7,broken clouds
254,Atar,MR,20.5169,-13.0499,92.79,35,42,13.2,scattered clouds
255,Kutahya,TR,39.4242,29.9833,64.29,47,0,3.11,clear sky
256,Shirgaon,IN,19.7,72.7,80.76,83,100,19.48,overcast clouds
257,Gusev,RU,54.5922,22.1997,58.62,94,100,2.19,overcast clouds
258,Pierre,US,44.3683,-100.351,88.72,27,1,1.01,clear sky
259,Kaitangata,NZ,-46.2817,169.8464,47.73,90,46,4.07,scattered clouds
260,Mao,ES,39.8885,4.2658,70.36,78,0,4.61,clear sky
261,Cockburn Town,TC,21.4612,-71.1419,81.99,80,100,20.13,overcast clouds
262,Westport,US,41.1415,-73.3579,74.77,59,75,7.0,broken clouds
263,Hambantota,LK,6.1241,81.1185,79.05,82,100,15.5,overcast clouds
264,Sechura,PE,-5.5569,-80.8222,70.14,67,5,19.98,clear sky
265,Mikhaylovka,RU,50.06,43.2379,78.04,49,68,5.46,broken clouds
266,Svetlogorsk,BY,52.6333,29.7333,67.39,84,79,6.24,broken clouds
267,Dicabisagan,PH,17.0818,122.4157,83.35,76,100,3.13,overcast clouds
268,Novochernorechenskiy,RU,56.2669,91.0828,54.7,89,15,4.07,few clouds
269,Qasigiannguit,GL,68.8193,-51.1922,61.05,59,2,7.05,clear sky
270,Suntar,RU,62.1444,117.6319,67.21,48,100,7.65,overcast clouds
271,Portland,US,45.5234,-122.6762,97.95,38,20,1.01,few clouds
272,Palmer,US,42.1584,-72.3287,73.44,68,75,5.99,broken clouds
273,San Patricio,US,28.017,-97.5169,93.88,55,99,16.67,overcast clouds
274,Kieta,PG,-6.2167,155.6333,82.31,74,8,1.9,light rain
275,North Platte,US,41.1239,-100.7654,85.01,33,20,4.0,few clouds
276,Belyy,RU,55.8402,32.9419,62.91,64,100,2.84,overcast clouds
277,Longyearbyen,SJ,78.2186,15.6401,42.35,85,99,6.73,overcast clouds
278,Ribeira Grande,PT,38.5167,-28.7,73.18,94,63,13.49,broken clouds
279,Awbari,LY,26.5921,12.7805,88.09,11,0,4.63,clear sky
280,Surt,LY,31.2089,16.5887,82.27,69,0,7.85,clear sky
281,Shingu,JP,33.7333,135.9833,83.91,77,68,3.94,broken clouds
282,Saint-Pierre,RE,-21.3393,55.4781,67.64,65,36,6.91,scattered clouds
283,Hay River,CA,60.8156,-115.7999,79.16,38,17,8.61,few clouds
284,Kintampo,GH,8.0563,-1.7306,70.29,94,53,4.36,broken clouds
285,Inverell,AU,-29.7833,151.1167,63.16,71,13,3.0,few clouds
286,Harper,LR,4.375,-7.7169,76.55,77,87,6.26,overcast clouds
287,Savannah Bight,HN,16.45,-85.85,87.85,80,42,18.57,scattered clouds
288,Yulin,CN,22.6333,110.15,77.04,95,100,1.39,light rain
289,Mitchell,US,43.7094,-98.0298,80.58,41,1,6.91,clear sky
290,Upernavik,GL,72.7868,-56.1549,42.69,80,20,11.59,few clouds
291,La Rioja,ES,42.25,-2.5,54.05,87,22,4.34,few clouds
292,Bereda,ES,43.2686,-7.5406,61.0,100,88,2.55,overcast clouds
293,Tullahoma,US,35.362,-86.2094,81.18,72,1,1.01,clear sky
294,La Palma,US,33.8464,-118.0467,106.32,47,1,5.99,clear sky
295,Manzhouli,CN,49.6,117.4333,61.74,66,10,6.53,clear sky
296,Hasaki,JP,35.7333,140.8333,84.29,82,11,6.49,few clouds
297,Penzance,GB,50.1186,-5.5371,56.41,78,43,9.82,scattered clouds
298,Saint-Louis,SN,16.3333,-15.0,87.98,50,65,11.21,broken clouds
299,Green Valley,US,31.8543,-110.9937,99.14,48,80,8.28,broken clouds
300,Novikovo,RU,51.1537,37.8879,71.24,58,11,4.21,few clouds
301,Vlasim,CZ,49.7063,14.8988,61.02,87,100,10.45,overcast clouds
302,Dakar,SN,14.6937,-17.4441,81.48,78,94,1.43,overcast clouds
303,Katakwi,UG,1.8911,33.9661,67.68,71,100,1.36,overcast clouds
304,Otane,NZ,-39.8833,176.6333,55.0,60,37,1.12,scattered clouds
305,Eyl,SO,7.9803,49.8164,81.39,65,45,30.4,scattered clouds
306,Leningradskiy,RU,69.3833,178.4167,34.86,97,100,18.45,light rain
307,Abu Samrah,SY,35.3029,37.1841,79.07,44,0,7.85,clear sky
308,Nyuksenitsa,RU,60.4128,44.2397,58.5,98,85,6.76,overcast clouds
309,Narrabri,AU,-30.3167,149.7833,56.52,79,0,1.99,clear sky
310,Progreso,MX,21.2833,-89.6667,87.12,82,56,11.18,broken clouds
311,Ambilobe,MG,-13.2,49.05,67.42,81,7,2.71,clear sky
312,Guadalajara,MX,20.6667,-103.3333,84.42,41,75,8.05,broken clouds
313,Talnakh,RU,69.4865,88.3972,56.53,87,100,4.45,overcast clouds
314,Wladyslawowo,PL,54.7909,18.4009,62.94,89,98,8.61,overcast clouds
315,Solnechnyy,RU,50.7214,136.6319,62.33,76,99,3.8,overcast clouds
316,Maceio,BR,-9.6658,-35.7353,72.84,83,75,5.75,broken clouds
317,Tambura,SS,5.6,27.4667,67.75,99,100,2.26,moderate rain
318,Taunggyi,MM,20.7833,97.0333,63.1,97,100,3.44,overcast clouds
319,Flinders,AU,-34.5833,150.8552,52.81,90,7,1.01,clear sky
320,Watsa,CD,3.0372,29.5355,63.09,99,99,3.69,light rain
321,Mahebourg,MU,-20.4081,57.7,68.29,88,75,6.91,broken clouds
322,Mizdah,LY,31.4451,12.9801,84.34,17,0,6.33,clear sky
323,Ostrovnoy,RU,68.0531,39.5131,48.74,89,26,8.61,scattered clouds
324,San Miguel,SV,13.4833,-88.1833,91.98,53,87,1.99,overcast clouds
325,Horasan,TR,40.0458,42.1728,59.34,81,87,3.15,overcast clouds
326,Mount Gambier,AU,-37.8333,140.7667,46.29,81,23,12.35,few clouds
327,Lompoc,US,34.6391,-120.4579,90.12,62,1,10.0,clear sky
328,Green River,US,41.5286,-109.4662,78.19,32,100,4.81,overcast clouds
329,Aqtobe,KZ,50.2797,57.2072,66.29,72,0,0.0,clear sky
330,Dikson,RU,73.5069,80.5464,40.12,99,98,9.08,overcast clouds
331,Sterling,US,39.0062,-77.4286,83.32,77,20,5.01,few clouds
332,Yala,TH,6.3333,101.25,73.56,98,96,3.04,overcast clouds
333,Yar-Sale,RU,66.8333,70.8333,54.81,97,100,16.06,light rain
334,Cabedelo,BR,-6.9811,-34.8339,74.07,78,4,17.56,clear sky
335,Alofi,NU,-19.0595,-169.9187,80.49,61,68,20.71,broken clouds
336,Krasnoselkup,RU,65.7,82.4667,55.17,80,92,7.49,overcast clouds
337,Chapais,CA,49.7834,-74.8492,60.58,69,98,6.76,overcast clouds
338,Sale,MA,34.0389,-6.8166,66.74,88,4,0.0,clear sky
339,Petropavlovsk-Kamchatskiy,RU,53.0452,158.6483,64.99,59,0,8.95,clear sky
340,Laguna,US,38.421,-121.4238,107.2,26,1,7.0,clear sky
341,Swan Hill,AU,-35.3378,143.5544,48.6,66,0,11.18,clear sky
342,Port Moresby,PG,-9.4431,147.1797,77.11,66,39,7.23,scattered clouds
343,Basco,PH,20.4487,121.9702,82.42,87,97,26.53,heavy intensity rain
344,Berlevag,NO,70.8578,29.0864,45.88,94,100,18.7,light rain
345,Lerwick,GB,60.1545,-1.1494,50.0,80,100,13.06,overcast clouds
346,Milyutinskaya,RU,48.6279,41.6679,72.52,53,1,7.74,clear sky
347,Kyakhta,RU,50.3508,106.4494,61.61,76,100,4.18,overcast clouds
348,Guangyuan,CN,32.442,105.823,77.16,94,1,1.66,clear sky
349,Roald,NO,62.5833,6.1333,53.91,76,90,3.44,overcast clouds
350,Severo-Kurilsk,RU,50.6789,156.125,56.35,70,1,14.63,clear sky
351,Capilla De Guadalupe,MX,20.8333,-102.5833,74.59,48,41,1.54,scattered clouds
352,Motygino,RU,58.1831,94.7592,55.2,88,33,0.56,scattered clouds
353,Lorengau,PG,-2.0226,147.2712,85.41,71,29,11.27,scattered clouds
354,Itoman,JP,26.1247,127.6694,84.58,84,75,18.41,broken clouds
355,Sibolga,ID,1.7427,98.7792,74.71,87,100,2.08,overcast clouds
356,Kuopio,FI,62.8924,27.677,60.75,82,20,8.05,few clouds
357,Hami,CN,42.8,93.45,68.04,45,63,6.13,broken clouds
358,Kruisfontein,ZA,-34.0033,24.7314,54.88,77,86,15.12,overcast clouds
359,Mangan,IN,27.5167,88.5333,76.06,95,98,1.79,overcast clouds
360,Muli,MV,2.9167,73.5667,81.95,74,100,9.08,light rain
361,Namatanai,PG,-3.6667,152.4333,82.49,74,14,5.77,few clouds
362,Kununurra,AU,-15.7667,128.7333,71.58,88,23,1.14,few clouds
363,Baiyin,CN,36.5583,104.2081,70.68,38,12,7.61,few clouds
364,Puerto Colombia,CO,10.9878,-74.9547,82.78,84,23,17.81,few clouds
365,Nantucket,US,41.2835,-70.0995,71.71,76,20,10.36,few clouds
366,Ilulissat,GL,69.2167,-51.1,60.82,36,1,19.57,clear sky
367,Agadir,MA,30.4202,-9.5982,66.65,76,0,5.88,clear sky
368,Sao Raimundo Das Mangabeiras,BR,-7.0219,-45.4811,86.36,30,72,9.13,broken clouds
369,Maragogi,BR,-9.0122,-35.2225,73.94,78,15,14.36,few clouds
370,Yaviza,PA,8.1537,-77.6931,78.96,95,100,0.65,overcast clouds
371,Dalvik,IS,65.9702,-18.5286,55.38,82,100,1.12,overcast clouds
372,Baykit,RU,61.67,96.37,60.19,93,100,1.39,overcast clouds
373,Itarema,BR,-2.9248,-39.9167,79.0,73,84,14.14,broken clouds
374,Tadpatri,IN,14.9167,78.0167,77.45,71,57,17.81,broken clouds
375,Arlit,NE,18.7369,7.3853,97.12,23,37,5.14,scattered clouds
376,Pontianak,ID,-0.0333,109.3333,76.98,94,75,4.61,broken clouds
377,Half Moon Bay,US,37.4636,-122.4286,88.92,62,20,1.01,few clouds
378,Poum,NC,-20.2333,164.0167,69.22,55,3,12.55,clear sky
379,Urucara,BR,-2.5364,-57.76,77.58,75,95,3.0,overcast clouds
380,Zemio,CF,5.0314,25.1361,68.36,98,100,2.44,light rain
381,Goderich,CA,43.7501,-81.7165,65.21,72,73,6.91,broken clouds
382,Komsomolskiy,UZ,40.4272,71.7189,78.22,29,96,0.89,overcast clouds
383,Tampakan,PH,6.4442,124.9264,77.88,91,97,0.58,overcast clouds
384,Conceicao Da Barra,BR,-18.5933,-39.7322,65.14,77,98,6.87,overcast clouds
385,Kaoma,ZM,-14.7833,24.8,54.05,64,9,5.88,clear sky
386,Hamilton,US,39.1834,-84.5333,78.94,58,20,1.01,few clouds
387,Rawson,AR,-43.3002,-65.1023,57.96,36,24,9.98,few clouds
388,Colesberg,ZA,-30.72,25.0972,44.71,36,7,4.83,clear sky
389,Saint-Georges,GD,12.0564,-61.7485,82.08,83,20,19.57,few clouds
390,Margate,GB,51.3813,1.3862,60.69,82,97,1.99,overcast clouds
391,Ucluelet,CA,48.9329,-125.5528,93.04,77,17,3.0,few clouds
392,Olinda,BR,-8.0089,-34.8553,76.73,73,75,8.05,broken clouds
393,Lyubech,UA,51.7026,30.6569,67.35,88,60,6.02,broken clouds
394,Ust-Omchug,RU,61.15,149.6333,43.25,66,61,14.56,broken clouds
395,Linhares,BR,-19.3911,-40.0722,64.69,72,84,4.81,broken clouds
396,Satulung,RO,47.5667,23.4333,68.2,94,75,4.61,broken clouds
397,Muisne,EC,0.6,-80.0333,76.24,84,66,10.25,broken clouds
398,Bar Harbor,US,44.3876,-68.2039,70.29,63,1,1.01,clear sky
399,Pochutla,MX,15.7432,-96.4661,88.83,72,66,4.72,broken clouds
400,Acton Vale,CA,45.6501,-72.5658,65.73,88,100,2.15,overcast clouds
401,Leh,IN,34.1667,77.5833,61.79,53,53,7.27,broken clouds
402,Moerai,PF,-22.4333,-151.3333,74.46,76,95,20.04,overcast clouds
403,Rocha,UY,-34.4833,-54.3333,45.25,94,2,3.67,clear sky
404,Bud,US,39.447,-86.1758,78.78,53,9,10.6,clear sky
405,Sijunjung,ID,-0.6876,100.9537,68.77,98,77,2.1,broken clouds
406,Thinadhoo,MV,0.5333,72.9333,81.54,71,98,4.79,overcast clouds
407,Vikindu,TZ,-7.0067,39.2985,69.31,87,6,7.25,clear sky
408,Pangnirtung,CA,66.1451,-65.7125,52.99,72,100,3.11,overcast clouds
409,Kavieng,PG,-2.5744,150.7967,83.28,74,4,8.88,clear sky
410,Rumoi,JP,43.9344,141.6428,72.64,90,75,6.58,broken clouds
411,Plettenberg Bay,ZA,-34.0527,23.3716,59.25,78,78,8.75,light rain
412,Thunder Bay,CA,48.4001,-89.3168,72.0,51,99,2.51,overcast clouds
413,Makakilo City,US,21.3469,-158.0858,88.12,51,75,13.8,broken clouds
414,Bagdarin,RU,54.4333,113.6,51.84,89,89,1.63,overcast clouds
415,San-Pedro,CI,4.7485,-6.6363,75.04,86,68,4.07,broken clouds
416,Northam,GB,51.0333,-4.2167,58.14,89,9,6.31,clear sky
417,Wagar,SD,16.1525,36.2032,79.32,71,92,15.43,overcast clouds
418,Aitape,PG,-3.1374,142.3475,80.1,83,39,3.33,scattered clouds
419,Umm Lajj,SA,25.0213,37.2685,86.9,48,5,4.29,clear sky
420,Sabang,ID,5.8933,95.3214,82.38,72,100,26.22,overcast clouds
421,Ixtapa,MX,20.7,-105.2,89.22,66,20,13.8,few clouds
422,Zabrze,PL,50.3249,18.7858,58.98,93,100,3.0,light rain
423,Baltasi,RU,56.3462,50.2062,62.44,71,65,6.82,broken clouds
424,Angoram,PG,-4.0625,144.0661,78.3,88,27,2.84,scattered clouds
425,Elko,US,41.0002,-115.5012,78.82,47,83,1.01,broken clouds
426,Spirovo,RU,57.419,34.9766,58.05,88,100,4.38,overcast clouds
427,Lethem,GY,3.3803,-59.7968,74.64,93,96,5.61,overcast clouds
428,Yarmouth,US,41.7057,-70.2286,72.45,70,90,1.99,overcast clouds
429,Bonthe,SL,7.5264,-12.505,76.73,85,100,9.75,light rain
430,Trairi,BR,-3.2778,-39.2689,77.7,77,99,8.34,overcast clouds
431,Constantine,DZ,36.365,6.6147,72.81,83,0,8.05,clear sky
432,Sananduva,BR,-27.9497,-51.8067,46.98,89,34,3.27,scattered clouds
433,Coquimbo,CL,-29.9533,-71.3436,53.33,100,40,5.75,scattered clouds
434,Victoria,HK,22.2855,114.1577,85.32,88,94,1.01,overcast clouds
435,Ocos,GT,14.5094,-92.1933,90.1,73,100,4.88,overcast clouds
436,Sorland,NO,67.667,12.6934,49.28,72,84,12.95,broken clouds
437,Mega,ET,4.05,38.3,56.82,72,57,17.0,broken clouds
438,Oktyabrskoye,RU,43.0645,44.7417,64.54,88,73,6.71,broken clouds
439,Kamenka,RU,51.3223,42.7678,70.45,72,22,5.37,few clouds
440,Baruun-Urt,MN,46.6806,113.2792,61.93,53,1,7.49,clear sky
441,Faaa,PF,-17.55,-149.6,82.36,57,20,4.61,few clouds
442,Teahupoo,PF,-17.8333,-149.2667,76.96,64,34,7.52,scattered clouds
443,Vettavalam,IN,12.1,79.25,81.81,52,96,12.62,overcast clouds
444,Alice Town,BS,25.7167,-79.3,85.44,67,13,7.65,few clouds
445,Paamiut,GL,61.994,-49.6678,46.94,92,100,5.55,overcast clouds
446,Kundiawa,PG,-6.0167,144.9667,69.3,76,26,0.83,scattered clouds
447,Himeji,JP,34.8167,134.7,86.27,80,88,9.26,overcast clouds
448,Lashio,MM,22.9333,97.75,69.44,100,100,1.32,overcast clouds
449,Bathsheba,BB,13.2167,-59.5167,81.21,78,40,10.36,scattered clouds
450,Seoul,KR,37.5683,126.9778,79.99,94,90,5.75,light rain
451,Salalah,OM,17.0151,54.0924,77.09,94,90,4.61,overcast clouds
452,Lata,PT,40.1629,-8.3327,67.05,99,94,0.4,overcast clouds
453,West Helena,US,34.5507,-90.6418,86.61,65,95,12.1,overcast clouds
454,Road Town,VG,18.4167,-64.6167,82.44,78,20,8.05,few clouds
455,Baft,IR,29.234,56.6057,73.04,39,100,8.99,overcast clouds
456,Mabaruma,GY,8.2,-59.7833,74.84,96,17,2.95,few clouds
457,Manggar,ID,-2.8833,108.2667,80.73,76,80,10.04,broken clouds
458,Langsa,ID,4.4683,97.9683,74.7,95,99,2.04,overcast clouds
459,Amapa,BR,1.0,-52.0,71.67,98,8,3.06,clear sky
460,Zhangjiakou,CN,40.81,114.8794,63.77,71,21,3.62,few clouds
461,Bousso,TD,10.4795,16.7117,74.62,93,99,3.6,moderate rain
462,Saint Johnsbury,US,44.4192,-72.0151,62.96,95,75,0.0,light rain
463,Acapulco,MX,16.8634,-99.8901,87.62,70,20,11.5,few clouds
464,Praia Da Vitoria,PT,38.7333,-27.0667,74.75,100,90,14.99,overcast clouds
465,Clyde River,CA,70.4692,-68.5914,43.03,87,40,19.57,scattered clouds
466,Kiama,AU,-34.6833,150.8667,54.0,88,7,1.01,clear sky
467,Amahai,ID,-3.3333,128.9167,78.58,84,20,1.95,few clouds
468,Kupang,ID,-10.1667,123.5833,75.78,88,20,4.61,few clouds
469,Jumla,NP,29.2747,82.1838,63.34,92,99,1.52,overcast clouds
470,Maldonado,UY,-34.6667,-54.9167,44.22,91,4,2.1,clear sky
471,Villa Maria,AR,-32.4075,-63.2402,47.82,60,0,6.2,clear sky
472,Bauchi,NG,10.5,10.0,69.82,97,100,5.7,light rain
473,Mishelevka,RU,52.8575,103.1719,56.88,98,100,8.75,moderate rain
474,Vangaindrano,MG,-23.35,47.6,65.21,89,85,5.08,overcast clouds
475,Cordoba,AR,-31.4135,-64.1811,60.76,37,0,1.01,clear sky
476,Mweka,CD,-4.85,21.5667,68.45,30,65,0.54,broken clouds
477,Huilong,CN,31.8111,121.655,86.04,90,0,6.78,clear sky
478,Egvekinot,RU,66.3167,-179.1667,43.16,62,61,1.45,broken clouds
479,Muncar,ID,-8.4333,114.3333,74.12,89,46,1.21,scattered clouds
480,Zaysan,KZ,47.4667,84.8667,64.53,38,0,7.29,clear sky
481,Pokhara,NP,28.2333,83.9833,71.33,93,58,2.01,light rain
482,Placido De Castro,BR,-10.3353,-67.1856,78.91,37,0,3.91,clear sky
483,Seymchan,RU,62.8833,152.4333,44.83,65,99,21.12,overcast clouds
484,Playas,EC,-2.6333,-80.3833,71.69,84,10,12.3,clear sky
485,Havelock,US,34.8791,-76.9013,75.18,94,90,4.61,thunderstorm with light rain
486,Bilibino,RU,68.0546,166.4372,45.28,51,76,8.05,broken clouds
487,Zhicheng,CN,30.2956,111.5047,80.53,78,0,3.78,light rain
488,Lambarene,GA,-0.7001,10.2406,75.78,79,100,5.32,overcast clouds
489,Medea,DZ,36.2642,2.7539,64.85,72,98,2.46,overcast clouds
490,Miyang,CN,24.4042,103.4428,62.62,90,0,4.03,clear sky
491,Tura,IN,25.5198,90.2201,73.45,98,90,3.4,light rain
492,Biloela,AU,-24.4167,150.5,67.95,71,0,5.41,clear sky
493,Omboue,GA,-1.5746,9.2618,75.43,79,99,8.61,overcast clouds
494,Luganville,VU,-15.5333,167.1667,75.25,56,42,8.34,scattered clouds
495,Alyangula,AU,-13.8483,136.4192,73.27,100,40,4.61,scattered clouds
496,Hare Bay,CA,48.8499,-54.0148,70.2,61,54,11.83,broken clouds
497,Wyndham,US,37.6985,-77.6125,82.85,77,75,1.01,broken clouds
498,Padang,ID,-0.9492,100.3543,75.25,91,98,5.57,light rain
499,Vaitape,PF,-16.5167,-151.75,77.59,68,31,14.38,scattered clouds
500,Lavrentiya,RU,65.5833,-171.0,41.67,84,100,15.82,overcast clouds
501,Cururupu,BR,-1.8283,-44.8683,74.62,79,69,1.74,broken clouds
502,Southbridge,US,42.0751,-72.0334,73.15,76,71,1.99,broken clouds
503,Santa Catalina,PH,9.3337,122.8637,82.06,84,98,9.55,overcast clouds
504,Jinzhou,CN,41.1078,121.1417,69.96,86,51,10.85,light rain
505,Nogliki,RU,51.8333,143.1667,56.68,82,100,5.48,overcast clouds
506,Okhotsk,RU,59.3833,143.3,62.69,50,0,5.95,clear sky
507,Tadine,NC,-21.55,167.8833,68.88,56,53,10.74,broken clouds
508,Venado Tuerto,AR,-33.7456,-61.9688,48.88,50,1,6.15,clear sky
509,Mogadishu,SO,2.0371,45.3438,75.6,85,68,17.58,light rain
510,Mindelo,CV,16.8901,-24.9804,76.55,78,75,17.27,broken clouds
511,Taonan,CN,45.3333,122.7833,65.59,82,100,9.17,heavy intensity rain
512,Dunedin,NZ,-45.8742,170.5036,49.8,76,98,18.01,overcast clouds
513,Auki,SB,-8.7676,160.7034,82.45,70,93,7.85,overcast clouds
514,Bengkulu,ID,-3.8004,102.2655,73.58,90,95,4.07,overcast clouds
515,Pangkalanbuun,ID,-2.6833,111.6167,72.99,97,74,1.52,broken clouds
516,Ballangen,NO,68.3428,16.8315,47.39,93,90,2.3,light rain
517,Genoa,IT,44.4129,8.9573,75.06,76,75,1.01,broken clouds
518,Lawrenceburg,US,38.0373,-84.8966,81.07,69,75,6.91,broken clouds
519,Wewak,PG,-3.5534,143.6268,79.54,84,19,6.17,few clouds
520,San Quintin,MX,30.4833,-115.95,77.56,58,9,15.32,clear sky
521,Bubaque,GW,11.2833,-15.8333,79.79,81,89,19.35,light rain
522,Inirida,CO,3.8653,-67.9239,72.57,97,58,2.66,broken clouds
523,Cahabon,GT,15.5667,-89.8167,87.1,78,64,2.95,broken clouds
524,Yaya,RU,56.206,86.44,55.76,92,83,1.43,broken clouds
525,Port-Cartier,CA,50.0334,-66.8654,63.93,71,94,3.02,overcast clouds
526,Tazovskiy,RU,67.4667,78.7,52.88,73,100,9.37,overcast clouds
527,Micheweni,TZ,-4.9667,39.8333,73.8,83,51,11.77,broken clouds
528,Chignahuapan,MX,19.8333,-98.0333,60.64,90,40,6.35,scattered clouds
529,Coahuayana,MX,18.7333,-103.6833,94.48,65,11,6.02,few clouds
530,North Bend,US,43.4065,-124.2243,80.24,86,1,17.27,clear sky
531,Kon Tum,VN,14.35,108.0,71.82,98,100,3.11,overcast clouds
532,Urumqi,CN,43.801,87.6005,65.35,42,0,8.95,clear sky
533,Sisimiut,GL,66.9395,-53.6735,53.08,64,0,4.68,clear sky
534,Sinop,TR,41.7711,34.8709,64.98,72,0,3.96,clear sky
535,Malkangiri,IN,18.35,81.9,75.45,89,95,2.62,overcast clouds
536,Mirandopolis,BR,-21.1336,-51.1017,61.54,51,78,8.41,broken clouds
537,Semey,KZ,50.4111,80.2275,61.02,55,0,2.24,clear sky
538,Trinidad,BO,-14.8333,-64.9,75.18,41,53,4.61,smoke
539,Kailua,US,21.4022,-157.7394,89.58,56,75,19.57,broken clouds
540,Ekibastuz,KZ,51.6667,75.3667,72.27,48,13,7.74,few clouds
541,Phalombe,MW,-15.8064,35.6507,56.53,70,0,3.13,clear sky
542,Vanimo,PG,-2.6741,141.3028,80.02,83,26,4.99,scattered clouds
543,Smidovich,RU,48.6,133.8167,65.35,72,100,11.45,overcast clouds
544,Oktyabrskiy,RU,54.4815,53.471,67.01,57,79,3.02,broken clouds
545,Araouane,ML,18.9048,-3.5265,95.32,33,2,9.82,clear sky
546,Lagoa,PT,39.05,-27.9833,71.85,95,37,15.39,scattered clouds
547,Tapes,BR,-30.6733,-51.3958,52.12,84,28,4.5,scattered clouds
548,Banda Aceh,ID,5.5577,95.3222,80.02,72,100,15.61,overcast clouds
549,Djenne,ML,13.9061,-4.5533,84.09,60,66,11.43,broken clouds
550,Cikampek,ID,-6.4197,107.4558,77.65,87,13,3.6,few clouds
551,Skibbereen,IE,51.55,-9.2667,57.0,84,93,7.16,overcast clouds
552,Gravdal,NO,68.1214,13.5031,47.82,77,88,11.74,overcast clouds
553,Envira,BR,-7.3,-70.2167,74.08,46,21,2.66,few clouds
554,Waingapu,ID,-9.6567,120.2641,76.21,79,31,7.61,scattered clouds
555,Harwich,GB,51.9419,1.2844,59.0,91,94,7.18,overcast clouds
556,Searcy,US,35.2506,-91.7363,86.22,61,1,8.05,clear sky
557,Mareeba,AU,-17.0,145.4333,73.49,80,46,4.27,scattered clouds
558,Urgut,UZ,39.4022,67.2431,71.22,32,2,4.85,clear sky
559,Homer,US,59.6425,-151.5483,74.08,77,1,12.66,clear sky
560,Xuddur,SO,4.1213,43.8894,69.91,78,62,17.63,broken clouds
561,Marystown,CA,47.1666,-55.1483,64.85,100,54,5.99,broken clouds
562,Borba,BR,-4.3878,-59.5939,80.73,46,30,2.1,scattered clouds
563,Diego De Almagro,CL,-26.3667,-70.05,64.38,29,0,4.07,clear sky
564,Little Chute,US,44.28,-88.3184,74.8,58,75,1.99,broken clouds
565,Fairbanks,US,64.8378,-147.7164,79.02,49,90,3.44,overcast clouds
566,Clarence Town,AU,-32.5833,151.7833,59.63,83,96,0.65,overcast clouds
567,Kishtwar,IN,33.3167,75.7667,65.07,89,42,0.6,scattered clouds
568,Marawi,PH,7.9986,124.2928,70.65,91,100,4.41,overcast clouds
569,Beloha,MG,-25.1667,45.05,65.21,58,0,7.4,clear sky
570,Ayan,RU,56.45,138.1667,58.19,82,98,22.28,overcast clouds
571,Cumana,VE,10.4635,-64.1775,93.29,83,21,3.85,few clouds
572,Great Falls,US,47.5002,-111.3008,97.92,15,1,8.05,clear sky
573,Razdolinsk,RU,58.4211,94.6658,54.93,85,12,1.54,few clouds
574,Nortelandia,BR,-14.4547,-56.8028,76.91,28,0,3.62,clear sky
575,Elk City,US,35.412,-99.4043,81.28,83,90,0.0,overcast clouds
576,Nizhniy Baskunchak,RU,48.2198,46.8311,83.12,42,1,6.22,clear sky
577,Tambun,ID,-6.2641,107.0712,79.47,83,40,0.0,haze
578,Poshekhonye,RU,58.4993,39.1353,60.64,97,71,5.41,broken clouds
579,Juegang,CN,32.3174,121.1855,81.99,90,0,6.6,light rain
580,Sault Sainte Marie,CA,46.5168,-84.3333,66.76,72,75,9.22,broken clouds
581,Yatou,CN,37.15,122.3833,76.53,79,0,1.92,clear sky
582,Alice Springs,AU,-23.7,133.8833,60.35,51,74,8.05,broken clouds
583,Sao Jose Da Coroa Grande,BR,-8.8978,-35.1478,74.07,79,11,14.74,few clouds
584,Antsohihy,MG,-14.8796,47.9875,68.07,68,0,6.04,clear sky
585,Snina,SK,48.9886,22.151,68.25,99,49,3.83,scattered clouds
586,Puerto El Triunfo,SV,13.2833,-88.55,89.76,64,97,6.78,overcast clouds
587,Kasongo,CD,-4.45,26.6667,77.02,34,70,3.02,broken clouds
588,Bhuj,IN,23.2667,69.6667,80.19,82,100,19.55,overcast clouds
589,Kidal,ML,18.4411,1.4078,90.93,40,72,2.66,broken clouds
590,Srednekolymsk,RU,67.45,153.6833,40.53,64,100,10.54,overcast clouds
591,Umm Kaddadah,SD,13.6017,26.6876,81.73,61,16,19.69,few clouds
592,Durban,ZA,-29.8579,31.0292,64.02,42,44,10.25,scattered clouds
593,Klaksvik,FO,62.2266,-6.589,47.32,81,65,6.73,broken clouds
594,Sinnamary,GF,5.3833,-52.95,79.34,80,54,7.83,broken clouds
595,Preobrazheniye,RU,42.9019,133.9064,73.99,77,96,15.41,overcast clouds
596,Coos Bay,US,43.3665,-124.2179,100.85,86,1,17.27,clear sky
597,Tieli,CN,46.95,128.05,68.59,99,100,0.81,light rain
598,Strausberg,DE,52.5786,13.8874,62.65,88,71,6.38,broken clouds
599,Imbituba,BR,-28.24,-48.6703,62.49,91,92,10.38,overcast clouds
600,Marzuq,YE,14.4,46.4667,81.79,52,97,4.29,overcast clouds
601,Itapirapua,BR,-15.8233,-50.6133,78.51,31,29,6.6,scattered clouds
602,Ostersund,SE,63.1792,14.6357,46.62,81,28,9.22,scattered clouds
603,Arkadak,RU,51.9326,43.4978,70.32,69,26,3.96,scattered clouds
604,Kansk,RU,56.2017,95.7175,54.64,93,85,3.85,overcast clouds
605,Aksarka,RU,66.5606,67.7975,56.1,98,100,5.99,overcast clouds
606,Samarai,PG,-10.6167,150.6667,78.06,63,90,7.94,overcast clouds
607,Fukuma,JP,33.7667,130.4667,84.2,86,99,3.98,overcast clouds
608,Vestmanna,FO,62.1564,-7.1664,45.52,81,90,3.44,overcast clouds
609,Saint George,US,37.1041,-113.5841,98.64,26,1,8.99,clear sky
610,Bara,NG,10.3744,10.7288,73.2,95,100,4.0,light rain
611,Srandakan,ID,-7.9386,110.2506,75.07,87,48,6.6,scattered clouds
612,Hobyo,SO,5.3505,48.5268,77.14,79,7,22.48,clear sky
613,Beroroha,MG,-21.6667,45.1667,62.87,67,7,3.44,clear sky
614,Hashimoto,JP,34.3167,135.6167,84.74,74,89,1.81,overcast clouds
615,Arkhangelsk,RU,64.5401,40.5433,60.91,94,40,4.47,light rain
616,Turan,VN,16.0678,108.2208,86.05,62,75,0.0,light rain
617,Kelvington,CA,52.1667,-103.5343,85.66,19,87,8.66,overcast clouds
618,Tetouan,MA,35.5711,-5.3724,72.37,46,0,12.66,clear sky
619,Miracema Do Tocantins,BR,-9.5618,-48.3967,81.9,34,10,4.92,clear sky
620,Xuanhua,CN,40.6103,115.0447,66.07,72,25,3.22,scattered clouds
621,Mandalgovi,MN,45.7625,106.2708,64.76,44,100,10.49,overcast clouds
622,Patacamaya,BO,-17.2333,-67.9167,37.62,83,29,8.86,scattered clouds
623,San Cristobal,VE,7.7669,-72.225,77.18,97,81,5.93,broken clouds
624,Muscat,OM,23.6139,58.5922,102.22,54,100,6.58,overcast clouds
625,Kapuskasing,CA,49.4169,-82.4331,69.89,43,40,11.5,scattered clouds
626,Arica,CL,-18.475,-70.3042,61.03,77,90,6.91,overcast clouds
627,Chippewa Falls,US,44.9369,-91.3929,73.98,57,90,8.05,overcast clouds
628,Pakdasht,IR,35.4752,51.6807,78.8,24,97,10.07,overcast clouds
629,Denpasar,ID,-8.65,115.2167,78.46,94,75,11.5,broken clouds
630,Ipixuna,BR,-1.7625,-48.8043,82.35,72,63,3.71,broken clouds
631,Ketchikan,US,55.3422,-131.6461,70.27,64,1,8.05,clear sky
632,Williston,US,48.147,-103.618,93.58,24,35,1.01,scattered clouds
633,Kirovskiy,RU,45.0917,133.5136,76.91,65,6,5.41,clear sky
634,Constitucion,CL,-35.3333,-72.4167,54.05,68,0,8.61,clear sky
635,Pandegelang,ID,-6.31,106.1058,76.66,94,33,1.59,scattered clouds
636,Elizabeth City,US,36.2946,-76.2511,83.01,93,1,3.0,clear sky
637,Stephenville,US,32.2207,-98.2023,86.61,75,1,0.0,clear sky
638,Porto Novo,BJ,6.4965,2.6036,78.62,88,56,4.97,broken clouds
639,Morondava,MG,-20.2833,44.2833,67.62,80,5,3.27,clear sky
640,Alwar,IN,27.5667,76.6,79.54,85,93,2.71,overcast clouds
641,Lujan,AR,-34.5703,-59.105,53.04,68,0,3.91,clear sky
642,Caernarfon,GB,53.1413,-4.2702,56.62,65,14,3.44,haze
643,Balabac,PH,7.9868,117.0645,83.88,74,91,16.44,overcast clouds
644,Tautira,PF,-17.7333,-149.15,82.42,64,35,7.14,scattered clouds
645,Boende,CD,-0.2167,20.8667,72.79,77,100,2.82,overcast clouds
646,Kulhudhuffushi,MV,6.6221,73.07,82.78,76,99,14.2,overcast clouds
647,Bushehr,IR,28.9684,50.8385,94.78,41,0,6.76,clear sky
648,Buala,SB,-8.145,159.5921,78.55,87,98,7.45,moderate rain
649,Khash,IR,28.2211,61.2158,77.79,17,4,3.09,clear sky
650,Tursunzoda,TJ,38.5144,68.2333,79.68,28,0,4.92,clear sky
651,Turukhansk,RU,65.8167,87.9833,56.66,80,36,7.18,scattered clouds
652,Ambon,ID,-3.6954,128.1814,78.94,89,40,5.75,scattered clouds
653,Takoradi,GH,4.8845,-1.7554,75.27,90,32,4.97,scattered clouds
654,Maumere,ID,-8.6199,122.2111,78.31,82,79,10.07,broken clouds
655,Sambava,MG,-14.2667,50.1667,68.41,87,96,8.3,overcast clouds
656,Pedernales,DO,18.0384,-71.744,86.36,63,89,11.7,overcast clouds
657,Edd,ER,13.9297,41.6925,90.03,67,100,6.89,overcast clouds
658,De-Kastri,RU,51.4667,140.7833,60.78,79,94,3.24,overcast clouds
659,Kattivakkam,IN,13.2167,80.3167,84.29,54,100,12.55,overcast clouds
660,Batemans Bay,AU,-35.7167,150.1833,54.1,87,11,3.83,few clouds
661,Saulkrasti,LV,57.2622,24.4147,60.8,78,100,3.96,overcast clouds
662,Voznesenye,RU,61.0106,35.4781,59.16,90,29,9.98,scattered clouds
663,Nikolayevka,RU,53.1257,47.2041,68.97,62,87,2.71,overcast clouds
664,Robat Karim,IR,35.4846,51.0829,78.66,50,75,9.22,broken clouds
665,Emerald,AU,-23.5333,148.1667,69.35,74,0,5.73,clear sky
666,Nambucca Heads,AU,-30.65,153.0,66.16,81,97,6.35,overcast clouds
667,Byron Bay,AU,-28.65,153.6167,71.55,83,56,11.7,broken clouds
668,Nizwa,OM,22.9333,57.5333,86.9,49,100,1.95,overcast clouds
669,Norman Wells,CA,65.282,-126.8329,91.44,19,20,3.44,smoke
670,Severnyy,RU,50.677,36.5532,75.24,60,0,2.24,clear sky
671,Olyka,UA,50.7186,25.8125,63.93,73,86,14.25,overcast clouds
672,Sitamarhi,IN,26.6,85.4833,78.82,95,100,11.7,overcast clouds
673,Korla,CN,41.7597,86.1469,74.71,18,100,6.2,overcast clouds
674,Los Arabos,CU,22.7281,-80.7214,84.16,67,58,10.16,broken clouds
675,Kalisz,PL,51.7611,18.091,57.72,95,98,5.97,overcast clouds
676,Oranjemund,NA,-28.55,16.4333,56.44,75,1,6.06,clear sky
677,Chabahar,IR,25.2919,60.643,82.99,84,46,5.06,scattered clouds
678,Igarka,RU,67.4667,86.5833,55.38,94,97,5.41,overcast clouds
679,Bambamarca,PE,-6.6833,-78.5333,60.57,79,64,5.99,broken clouds
680,Iracoubo,GF,5.4802,-53.2011,79.14,80,57,8.3,broken clouds
681,Le Port,RE,-20.9373,55.2919,67.96,66,14,8.48,few clouds
682,Uglegorsk,RU,49.0833,142.0333,64.76,67,40,3.27,scattered clouds
683,Gubkinskiy,RU,64.434,76.5026,56.03,69,99,11.92,overcast clouds
684,Jinchang,CN,38.4953,102.1739,73.36,37,79,3.22,broken clouds
685,Kerepehi,NZ,-37.3,175.5333,62.08,79,28,3.69,scattered clouds
686,Chicama,PE,-7.8447,-79.1469,63.14,74,5,7.43,clear sky
687,Tecoanapa,MX,16.5167,-98.75,86.58,67,57,9.06,broken clouds
688,Saint-Etienne,FR,45.4333,4.4,56.03,88,20,1.14,few clouds
689,Almenara,BR,-16.1836,-40.6944,65.1,68,100,3.51,overcast clouds
690,Panorama,GR,40.5878,23.0315,81.52,59,0,1.01,clear sky
691,Shaoxing,CN,30.011,120.5715,84.15,92,57,1.66,light rain
692,Belmonte,BR,-15.8631,-38.8828,66.7,68,91,14.7,overcast clouds
693,Azangaro,PE,-14.9167,-70.2167,43.63,62,74,6.8,broken clouds
694,Uribia,CO,11.7139,-72.266,88.29,54,8,21.94,clear sky
695,Vuktyl,RU,63.8567,57.3094,53.1,96,47,3.27,scattered clouds
696,Pemangkat,ID,1.1667,108.9667,78.89,86,98,7.81,overcast clouds
697,Assiniboia,CA,49.6334,-105.9845,93.11,14,47,5.75,scattered clouds
698,Catamarca,AR,-28.4696,-65.7852,56.05,35,0,7.58,clear sky
699,Jinka,ET,5.65,36.65,65.71,55,98,4.61,overcast clouds
